Concelho;Regiao
Arcos de Valdevez;Alto Minho
Caminha;Alto Minho
Melgaço;Alto Minho
Monção;Alto Minho
Paredes de Coura;Alto Minho
Ponte da Barca;Alto Minho
Ponte de Lima;Alto Minho
Valença;Alto Minho
Viana do Castelo;Alto Minho
Vila Nova de Cerveira;Alto Minho
Amares;Cávado
Barcelos;Cávado
Braga;Cávado
Esposende;Cávado
Terras de Bouro;Cávado
Vila Verde;Cávado
Fafe;Ave
Guimarães;Ave
Póvoa de Lanhoso;Ave
Vieira do Minho;Ave
Vila Nova de Famalicão;Ave
Vizela;Ave
Gondomar;Área Metropolitana do Porto
Maia;Área Metropolitana do Porto
Matosinhos;Área Metropolitana do Porto
Porto;Área Metropolitana do Porto
Póvoa de Varzim;Área Metropolitana do Porto
Valongo;Área Metropolitana do Porto
Vila do Conde;Área Metropolitana do Porto
Vila Nova de Gaia;Área Metropolitana do Porto
Boticas;Alto Tâmega
Chaves;Alto Tâmega
Montalegre;Alto Tâmega
Ribeira de Pena;Alto Tâmega
Valpaços;Alto Tâmega
Vila Pouca de Aguiar;Alto Tâmega
Amarante;Tâmega e Sousa
Baião;Tâmega e Sousa
Felgueiras;Tâmega e Sousa
Lousada;Tâmega e Sousa
Marco de Canaveses;Tâmega e Sousa
Paços de Ferreira;Tâmega e Sousa
Paredes;Tâmega e Sousa
Penafiel;Tâmega e Sousa
Alijó;Douro
Armamar;Douro
Carrazeda de Ansiães;Douro
Freixo de Espada à Cinta;Douro
Lamego;Douro
Mesão Frio;Douro
Peso da Régua;Douro
Sabrosa;Douro
Santa Marta de Penaguião;Douro
São João da Pesqueira;Douro
Tabuaço;Douro
Torre de Moncorvo;Douro
Vila Nova de Foz Côa;Douro
Alfândega da Fé;Terras de Trás-os-Montes
Bragança;Terras de Trás-os-Montes
Macedo de Cavaleiros;Terras de Trás-os-Montes
Miranda do Douro;Terras de Trás-os-Montes
Mirandela;Terras de Trás-os-Montes
Mogadouro;Terras de Trás-os-Montes
Vila Flor;Terras de Trás-os-Montes
Vimioso;Terras de Trás-os-Montes
Vinhais;Terras de Trás-os-Montes
Alcobaça;Oeste
Alvaiázere;Oeste
Ansião;Oeste
Batalha;Oeste
Bombarral;Oeste
Caldas da Rainha;Oeste
Castanheira de Pêra;Oeste
Figueiró dos Vinhos;Oeste
Leiria;Oeste
Marinha Grande;Oeste
Nazaré;Oeste
Óbidos;Oeste
Pedrógão Grande;Oeste
Peniche;Oeste
Pombal;Oeste
Porto de Mós;Oeste
Águeda;Região de Aveiro
Albergaria-a-Velha;Região de Aveiro
Anadia;Região de Aveiro
Arouca;Região de Aveiro
Aveiro;Região de Aveiro
Castelo de Paiva;Região de Aveiro
Espinho;Região de Aveiro
Estarreja;Região de Aveiro
Ílhavo;Região de Aveiro
Mealhada;Região de Aveiro
Murtosa;Região de Aveiro
Oliveira de Azeméis;Região de Aveiro
Oliveira do Bairro;Região de Aveiro
Ovar;Região de Aveiro
Santa Maria da Feira;Região de Aveiro
São João da Madeira;Região de Aveiro
Sever do Vouga;Região de Aveiro
Vagos;Região de Aveiro
Vale de Cambra;Região de Aveiro
Arganil;Região de Coimbra
Cantanhede;Região de Coimbra
Coimbra;Região de Coimbra
Condeixa-a-Nova;Região de Coimbra
Figueira da Foz;Região de Coimbra
Góis;Região de Coimbra
Lousã;Região de Coimbra
Mira;Região de Coimbra
Miranda do Corvo;Região de Coimbra
Montemor-o-Velho;Região de Coimbra
Oliveira do Hospital;Região de Coimbra
Pampilhosa da Serra;Região de Coimbra
Penacova;Região de Coimbra
Penela;Região de Coimbra
Soure;Região de Coimbra
Tábua;Região de Coimbra
Vila Nova de Poiares;Região de Coimbra
Alvaiázere;Região de Leiria
Ansião;Região de Leiria
Batalha;Região de Leiria
Castanheira de Pêra;Região de Leiria
Figueiró dos Vinhos;Região de Leiria
Leiria;Região de Leiria
Marinha Grande;Região de Leiria
Nazaré;Região de Leiria
Óbidos;Região de Leiria
Pedrógão Grande;Região de Leiria
Peniche;Região de Leiria
Porto de Mós;Região de Leiria
Aguiar da Beira;Viseu Dão Lafões
Carregal do Sal;Viseu Dão Lafões
Castro Daire;Viseu Dão Lafões
Cinfães;Viseu Dão Lafões
Lamego;Viseu Dão Lafões
Mangualde;Viseu Dão Lafões
Moimenta da Beira;Viseu Dão Lafões
Mortágua;Viseu Dão Lafões
Nelas;Viseu Dão Lafões
Oliveira de Frades;Viseu Dão Lafões
Penalva do Castelo;Viseu Dão Lafões
Penedono;Viseu Dão Lafões
Resende;Viseu Dão Lafões
Santa Comba Dão;Viseu Dão Lafões
São João da Pesqueira;Viseu Dão Lafões
São Pedro do Sul;Viseu Dão Lafões
Sátão;Viseu Dão Lafões
Sernancelhe;Viseu Dão Lafões
Tabuaço;Viseu Dão Lafões
Tarouca;Viseu Dão Lafões
Tondela;Viseu Dão Lafões
Vila Nova de Paiva;Viseu Dão Lafões
Viseu;Viseu Dão Lafões
Vouzela;Viseu Dão Lafões
Belmonte;Beira Baixa
Castelo Branco;Beira Baixa
Covilhã;Beira Baixa
Fundão;Beira Baixa
Idanha-a-Nova;Beira Baixa
Oleiros;Beira Baixa
Penamacor;Beira Baixa
Proença-a-Nova;Beira Baixa
Sertã;Beira Baixa
Vila de Rei;Beira Baixa
Vila Velha de Ródão;Beira Baixa
Abrantes;Médio Tejo
Alcanena;Médio Tejo
Constância;Médio Tejo
Entroncamento;Médio Tejo
Ferreira do Zêzere;Médio Tejo
Mação;Médio Tejo
Ourém;Médio Tejo
Sardoal;Médio Tejo
Tomar;Médio Tejo
Torres Novas;Médio Tejo
Vila Nova da Barquinha;Médio Tejo
Almeida;Beiras e Serra da Estrela
Celorico da Beira;Beiras e Serra da Estrela
Figueira de Castelo Rodrigo;Beiras e Serra da Estrela
Fornos de Algodres;Beiras e Serra da Estrela
Gouveia;Beiras e Serra da Estrela
Guarda;Beiras e Serra da Estrela
Manteigas;Beiras e Serra da Estrela
Mêda;Beiras e Serra da Estrela
Pinhel;Beiras e Serra da Estrela
Sabugal;Beiras e Serra da Estrela
Seia;Beiras e Serra da Estrela
Trancoso;Beiras e Serra da Estrela
Vila Nova de Foz Côa;Beiras e Serra da Estrela
Alenquer;Área Metropolitana de Lisboa
Arruda dos Vinhos;Área Metropolitana de Lisboa
Azambuja;Área Metropolitana de Lisboa
Cadaval;Área Metropolitana de Lisboa
Cascais;Área Metropolitana de Lisboa
Lisboa;Área Metropolitana de Lisboa
Loures;Área Metropolitana de Lisboa
Lourinhã;Área Metropolitana de Lisboa
Mafra;Área Metropolitana de Lisboa
Oeiras;Área Metropolitana de Lisboa
Sintra;Área Metropolitana de Lisboa
Sobral de Monte Agraço;Área Metropolitana de Lisboa
Torres Vedras;Área Metropolitana de Lisboa
Vila Franca de Xira;Área Metropolitana de Lisboa
Amadora;Área Metropolitana de Lisboa
Odivelas;Área Metropolitana de Lisboa
Alcácer do Sal;Alentejo Litoral
Alcochete;Alentejo Litoral
Almada;Alentejo Litoral
Barreiro;Alentejo Litoral
Grândola;Alentejo Litoral
Moita;Alentejo Litoral
Montijo;Alentejo Litoral
Palmela;Alentejo Litoral
Santiago do Cacém;Alentejo Litoral
Seixal;Alentejo Litoral
Sesimbra;Alentejo Litoral
Setúbal;Alentejo Litoral
Sines;Alentejo Litoral
Aljustrel;Baixo Alentejo
Almodôvar;Baixo Alentejo
Alvito;Baixo Alentejo
Barrancos;Baixo Alentejo
Beja;Baixo Alentejo
Castro Verde;Baixo Alentejo
Cuba;Baixo Alentejo
Ferreira do Alentejo;Baixo Alentejo
Mértola;Baixo Alentejo
Moura;Baixo Alentejo
Odemira;Baixo Alentejo
Ourique;Baixo Alentejo
Serpa;Baixo Alentejo
Vidigueira;Baixo Alentejo
Almeirim;Lezíria do Tejo
Alpiarça;Lezíria do Tejo
Benavente;Lezíria do Tejo
Cartaxo;Lezíria do Tejo
Chamusca;Lezíria do Tejo
Coruche;Lezíria do Tejo
Golegã;Lezíria do Tejo
Rio Maior;Lezíria do Tejo
Salvaterra de Magos;Lezíria do Tejo
Santarém;Lezíria do Tejo
Alter do Chão;Alto Alentejo
Arronches;Alto Alentejo
Avis;Alto Alentejo
Campo Maior;Alto Alentejo
Castelo de Vide;Alto Alentejo
Crato;Alto Alentejo
Elvas;Alto Alentejo
Fronteira;Alto Alentejo
Gavião;Alto Alentejo
Marvão;Alto Alentejo
Monforte;Alto Alentejo
Nisa;Alto Alentejo
Ponte de Sor;Alto Alentejo
Portalegre;Alto Alentejo
Sousel;Alto Alentejo
Alandroal;Alentejo Central
Arraiolos;Alentejo Central
Borba;Alentejo Central
Estremoz;Alentejo Central
Évora;Alentejo Central
Montemor-o-Novo;Alentejo Central
Mora;Alentejo Central
Mourão;Alentejo Central
Portel;Alentejo Central
Redondo;Alentejo Central
Reguengos de Monsaraz;Alentejo Central
Vendas Novas;Alentejo Central
Viana do Alentejo;Alentejo Central
Vila Viçosa;Alentejo Central
Albufeira;Algarve
Alcoutim;Algarve
Aljezur;Algarve
Castro Marim;Algarve
Faro;Algarve
Lagoa;Algarve
Lagos;Algarve
Loulé;Algarve
Monchique;Algarve
Olhão;Algarve
Portimão;Algarve
São Brás de Alportel;Algarve
Silves;Algarve
Tavira;Algarve
Vila do Bispo;Algarve
Vila Real de Santo António;Algarve
Corvo;Região Autónoma dos Açores
Faial;Região Autónoma dos Açores
Flores;Região Autónoma dos Açores
Graciosa;Região Autónoma dos Açores
Pico;Região Autónoma dos Açores
Santa Maria;Região Autónoma dos Açores
São Jorge;Região Autónoma dos Açores
São Miguel;Região Autónoma dos Açores
Terceira;Região Autónoma dos Açores
Calheta;Região Autónoma da Madeira
Câmara de Lobos;Região Autónoma da Madeira
Funchal;Região Autónoma da Madeira
Machico;Região Autónoma da Madeira
Ponta do Sol;Região Autónoma da Madeira
Porto Moniz;Região Autónoma da Madeira
Porto Santo;Região Autónoma da Madeira
Ribeira Brava;Região Autónoma da Madeira
Santa Cruz;Região Autónoma da Madeira
Santana;Região Autónoma da Madeira
São Vicente;Região Autónoma da Madeira
